{"id":"HK_2020_E013","brNo":"E013","nm":"LUCKY FUN","initRtOfSsn":"077","forms":[{"mtgDate":"2022-06-12+0800","venCode":"ST","raNo":9,"finPos":"04","raTrk":{"code":"AWT","des":"ALL WEATHER TRACK"},"raCla":{"code":"3","des":"Class 3"},"dist":1200,"go":{"code":"WF","sDes":"WF","des":"WET FAST"},"jk":{"id":"PMF","code":"PMF","sNm":"M F Poon"},"trn":{"id":"HL","code":"HL","sNm":"L Ho"},"curRt":"079","barrierDrNo":4,"hdcWgt":133,"horWgt":1118,"firstNWnners":[{"finPos":"01","hor":{"id":"HK_2016_A379","brNo":"A379","nm":"SUNNY BOY"}},{"finPos":"02","hor":{"id":"HK_2019_D460","brNo":"D460","nm":"HELENE WISDOM STAR"}},{"finPos":"03","hor":{"id":"HK_2021_G233","brNo":"G233","nm":"CALL ME TEDDY"}},{"finPos":"04","hor":{"id":"HK_2020_E013","brNo":"E013","nm":"LUCKY FUN"}}],"winOdds":"16","raTm":"1:08.08","winFinalSectTm":"22.84","finTmOfHor":"0","finSectTmOfHor":"0.00","alw":"2 ","trnPref":"1","trumpCard":true,"priority":false},{"mtgDate":"2022-05-29+0800","venCode":"ST","raNo":8,"finPos":"08","raTrk":{"code":"TURF","des":"TURF"},"raCla":{"code":"3","des":"Class 3"},"dist":1200,"raCrs":{"code":"B","dispCode":"B","des":"\"B\" COURSE"},"go":{"code":"G","sDes":"G","des":"GOOD"},"jk":{"id":"CJE","code":"CJE","sNm":"C L Chau"},"actWgt":"129","trn":{"id":"HL","code":"HL","sNm":"L Ho"},"curRt":"079","barrierDrNo":2,"hdcWgt":132,"horWgt":1128,"ruPos":[{"seqNo":1,"pos":"8"},{"seqNo":2,"pos":"8"},{"seqNo":3,"pos":"8"}],"lBW":{"code":"7-1/4     ","des":"7 AND 1/4 L"},"firstNWnners":[{"finPos":"01","hor":{"id":"HK_2021_G215","brNo":"G215","nm":"BRILLIANT WAY"}},{"finPos":"02","hor":{"id":"HK_2021_G240","brNo":"G240","nm":"BUZZINGA"}},{"finPos":"03","hor":{"id":"HK_2020_E174","brNo":"E174","nm":"KAI XIN DRAGON"}},{"finPos":"04","hor":{"id":"HK_2021_G275","brNo":"G275","nm":"SAKEWIN"}}],"winOdds":"25","raTm":"1:08.98","winFinalSectTm":"23.10","finTmOfHor":"1:10.13","finSectTmOfHor":"23.17","gearinfo":"TT-","alw":"3 ","mgn":{"mgn":"1-1/2","des":"1-1/2"},"trnPref":"1","trumpCard":true,"priority":false},{"mtgDate":"2021-09-05+0800","venCode":"ST","raNo":9,"finPos":"02","raTrk":{"code":"TURF","des":"TURF"},"raCla":{"code":"3","des":"Class 3"},"dist":1400,"raCrs":{"code":"A","dispCode":"A","des":"\"A\" COURSE"},"go":{"code":"G","sDes":"G","des":"GOOD"},"jk":{"id":"PZ","code":"PZ","sNm":"Z Purton"},"actWgt":"130","trn":{"id":"SCS","code":"SCS","sNm":"C S Shum"},"curRt":"077","barrierDrNo":2,"hdcWgt":130,"horWgt":1124,"ruPos":[{"seqNo":1,"pos":"3"},{"seqNo":2,"pos":"4"},{"seqNo":3,"pos":"3"},{"seqNo":4,"pos":"2"}],"lBW":{"code":"1/2       ","des":"1/2 LENGTH"},"firstNWnners":[{"finPos":"01","hor":{"id":"HK_2018_C429","brNo":"C429","nm":"STAR PERFORMANCE"}},{"finPos":"02","hor":{"id":"HK_2020_E013","brNo":"E013","nm":"LUCKY FUN"}},{"finPos":"03","hor":{"id":"HK_2017_B085","brNo":"B085","nm":"FEARLESS FIRE"}},{"finPos":"04","hor":{"id":"HK_2019_D169","brNo":"D169","nm":"HALL OF CHAMP"}}],"winOdds":"3.0","raTm":"1:21.61","winFinalSectTm":"22.92","finTmOfHor":"1:21.70","finSectTmOfHor":"22.73","gearinfo":"TT","alw":"  ","mgn":{"mgn":"SH","des":"SHORT HEAD"},"trnPref":"1","trumpCard":false,"priority":false},{"mtgDate":"2021-05-30+0800","venCode":"ST","raNo":8,"finPos":"02","raTrk":{"code":"TURF","des":"TURF"},"raCla":{"code":"3","des":"Class 3"},"dist":1400,"raCrs":{"code":"B","dispCode":"B","des":"\"B\" COURSE"},"go":{"code":"GF","sDes":"GF","des":"GOOD TO FIRM"},"jk":{"id":"PZ","code":"PZ","sNm":"Z Purton"},"actWgt":"130","trn":{"id":"SCS","code":"SCS","sNm":"C S Shum"},"curRt":"076","barrierDrNo":7,"hdcWgt":130,"horWgt":1121,"ruPos":[{"seqNo":1,"pos":"9"},{"seqNo":2,"pos":"8"},{"seqNo":3,"pos":"8"},{"seqNo":4,"pos":"2"}],"lBW":{"code":"3/4       ","des":"3/4 LENGTH"},"firstNWnners":[{"finPos":"01","hor":{"id":"HK_2019_D005","brNo":"D005","nm":"TEAM POWER"}},{"finPos":"02","hor":{"id":"HK_2020_E013","brNo":"E013","nm":"LUCKY FUN"}},{"finPos":"03","hor":{"id":"HK_2020_E318","brNo":"E318","nm":"LIFELINE VISION"}},{"finPos":"04","hor":{"id":"HK_2018_C067","brNo":"C067","nm":"MERIDIAN GENIUS"}}],"winOdds":"5.2","raTm":"1:21.36","winFinalSectTm":"23.32","finTmOfHor":"1:21.50","finSectTmOfHor":"22.90","gearinfo":"TT1","alw":"  ","mgn":{"mgn":"HD","des":"HEAD"},"trnPref":"1","trumpCard":true,"priority":false},{"mtgDate":"2021-03-31+0800","venCode":"ST","raNo":8,"finPos":"01","raTrk":{"code":"AWT","des":"ALL WEATHER TRACK"},"raCla":{"code":"3","des":"Class 3"},"dist":1200,"go":{"code":"GD","sDes":"GD","des":"GOOD"},"jk":{"id":"PZ","code":"PZ","sNm":"Z Purton"},"actWgt":"125","trn":{"id":"SCS","code":"SCS","sNm":"C S Shum"},"curRt":"071","barrierDrNo":12,"hdcWgt":125,"horWgt":1114,"ruPos":[{"seqNo":1,"pos":"9"},{"seqNo":2,"pos":"9"},{"seqNo":3,"pos":"1"}],"lBW":{"code":"---       "},"firstNWnners":[{"finPos":"01","hor":{"id":"HK_2018_C502","brNo":"C502","nm":"SUNSET WATCH"}},{"finPos":"01","hor":{"id":"HK_2020_E013","brNo":"E013","nm":"LUCKY FUN"}},{"finPos":"03","hor":{"id":"HK_2019_D084","brNo":"D084","nm":"MOERAKI"}},{"finPos":"04","hor":{"id":"HK_2019_D384","brNo":"D384","nm":"GOLFMAN STAR"}}],"winOdds":"2.5","raTm":"1:08.66","winFinalSectTm":"23.60","finTmOfHor":"1:08.66","finSectTmOfHor":"22.80","gearinfo":"H-","alw":"  ","mgn":{"mgn":"DH","des":"DEAD HEAT"},"trnPref":"1","trumpCard":true,"priority":false},{"mtgDate":"2021-03-07+0800","venCode":"ST","raNo":8,"finPos":"02","raTrk":{"code":"AWT","des":"ALL WEATHER TRACK"},"raCla":{"code":"3","des":"Class 3"},"dist":1200,"go":{"code":"GD","sDes":"GD","des":"GOOD"},"jk":{"id":"PZ","code":"PZ","sNm":"Z Purton"},"actWgt":"124","trn":{"id":"SCS","code":"SCS","sNm":"C S Shum"},"curRt":"070","barrierDrNo":2,"hdcWgt":124,"horWgt":1130,"ruPos":[{"seqNo":1,"pos":"8"},{"seqNo":2,"pos":"6"},{"seqNo":3,"pos":"2"}],"lBW":{"code":"1         ","des":"1"},"firstNWnners":[{"finPos":"01","hor":{"id":"HK_2017_B433","brNo":"B433","nm":"FLYING BONUS"}},{"finPos":"02","hor":{"id":"HK_2020_E013","brNo":"E013","nm":"LUCKY FUN"}},{"finPos":"03","hor":{"id":"HK_2019_D429","brNo":"D429","nm":"MAN STAR"}},{"finPos":"04","hor":{"id":"HK_2018_C472","brNo":"C472","nm":"SUPER ALLIANCES"}}],"winOdds":"1.9","raTm":"1:08.35","winFinalSectTm":"23.35","finTmOfHor":"1:08.51","finSectTmOfHor":"22.99","gearinfo":"H","alw":"  ","mgn":{"mgn":"N","des":"NECK"},"trnPref":"1","trumpCard":true,"priority":false}]}