{"id":"HK_2020_E045","brNo":"E045","nm":"CALIFORNIA TEN","initRtOfSsn":"079","forms":[{"mtgDate":"2022-06-12+0800","venCode":"ST","raNo":8,"finPos":"09","raTrk":{"code":"TURF","des":"TURF"},"raCla":{"code":"2","des":"Class 2"},"dist":1600,"raCrs":{"code":"L","dispCode":"C+3","des":"\"C+3\" COURSE"},"go":{"code":"G","sDes":"G","des":"GOOD"},"jk":{"id":"PZ","code":"PZ","sNm":"Z Purton"},"actWgt":"130","trn":{"id":"CAS","code":"CAS","sNm":"A S Cruz"},"curRt":"092","barrierDrNo":9,"hdcWgt":130,"horWgt":1105,"ruPos":[{"seqNo":1,"pos":"9"},{"seqNo":2,"pos":"9"},{"seqNo":3,"pos":"9"},{"seqNo":4,"pos":"9"}],"lBW":{"code":"10-3/4    ","des":"10 AND 3/4 L"},"firstNWnners":[{"finPos":"01","hor":{"id":"HK_2018_C517","brNo":"C517","nm":"ALL FOR ST PAUL'S"}},{"finPos":"02","hor":{"id":"HK_2020_E365","brNo":"E365","nm":"BOURBONAIRE"}},{"finPos":"03","hor":{"id":"HK_2021_G110","brNo":"G110","nm":"GALAXY WITNESS"}},{"finPos":"04","hor":{"id":"HK_2021_G010","brNo":"G010","nm":"RUNNING GLORY"}}],"winOdds":"14","raTm":"1:35.23","winFinalSectTm":"21.83","finTmOfHor":"1:36.94","finSectTmOfHor":"22.62","gearinfo":"B/TT","alw":"  ","trnPref":"1","trumpCard":false,"priority":false},{"mtgDate":"2022-05-15+0800","venCode":"ST","raNo":3,"finPos":"02","raTrk":{"code":"TURF","des":"TURF"},"raCla":{"code":"2","des":"Class 2"},"dist":1600,"raCrs":{"code":"L","dispCode":"C+3","des":"\"C+3\" COURSE"},"go":{"code":"GY","sDes":"GY","des":"GOOD TO YIELDING"},"jk":{"id":"TEK","code":"TEK","sNm":"K Teetan"},"actWgt":"128","trn":{"id":"CAS","code":"CAS","sNm":"A S Cruz"},"curRt":"090","barrierDrNo":7,"hdcWgt":128,"horWgt":1097,"ruPos":[{"seqNo":1,"pos":"3"},{"seqNo":2,"pos":"4"},{"seqNo":3,"pos":"4"},{"seqNo":4,"pos":"2"}],"lBW":{"code":"N         ","des":"NECK"},"firstNWnners":[{"finPos":"01","hor":{"id":"HK_2019_D187","brNo":"D187","nm":"THE ROCK"}},{"finPos":"02","hor":{"id":"HK_2020_E045","brNo":"E045","nm":"CALIFORNIA TEN"}},{"finPos":"02","hor":{"id":"HK_2021_G010","brNo":"G010","nm":"RUNNING GLORY"}},{"finPos":"04","hor":{"id":"HK_2019_D105","brNo":"D105","nm":"BELUGA"}}],"winOdds":"15","raTm":"1:35.51","winFinalSectTm":"23.80","finTmOfHor":"1:35.56","finSectTmOfHor":"23.53","gearinfo":"B/TT","alw":"  ","mgn":{"mgn":"DH","des":"DEAD HEAT"},"trnPref":"1","trumpCard":false,"priority":false},{"mtgDate":"2022-04-24+0800","venCode":"ST","raNo":5,"finPos":"08","raTrk":{"code":"TURF","des":"TURF"},"raCla":{"code":"2","des":"Class 2"},"dist":1600,"raCrs":{"code":"A","dispCode":"A","des":"\"A\" COURSE"},"go":{"code":"G","sDes":"G","des":"GOOD"},"jk":{"id":"TEK","code":"TEK","sNm":"K Teetan"},"actWgt":"127","trn":{"id":"CAS","code":"CAS","sNm":"A S Cruz"},"curRt":"090","barrierDrNo":9,"hdcWgt":127,"horWgt":1108,"ruPos":[{"seqNo":1,"pos":"10"},{"seqNo":2,"pos":"10"},{"seqNo":3,"pos":"10"},{"seqNo":4,"pos":"8"}],"lBW":{"code":"6         ","des":"6 LENGTHS"},"firstNWnners":[{"finPos":"01","hor":{"id":"HK_2020_E058","brNo":"E058","nm":"BEAUTY JOY"}},{"finPos":"02","hor":{"id":"HK_2019_D479","brNo":"D479","nm":"SAVAQUIN"}},{"finPos":"03","hor":{"id":"HK_2021_G134","brNo":"G134","nm":"TURIN REDSUN"}},{"finPos":"04","hor":{"id":"HK_2016_A071","brNo":"A071","nm":"FLYING QUEST"}}],"winOdds":"13","raTm":"1:33.86","winFinalSectTm":"22.43","finTmOfHor":"1:34.81","finSectTmOfHor":"22.30","gearinfo":"B/TT","alw":"  ","mgn":{"mgn":"1-3/4","des":"1 AND 3/4 L"},"trnPref":"2","trumpCard":false,"priority":false},{"mtgDate":"2022-03-06+0800","venCode":"ST","raNo":2,"finPos":"06","raTrk":{"code":"TURF","des":"TURF"},"raCla":{"code":"2","des":"Class 2"},"dist":1800,"raCrs":{"code":"C","dispCode":"C","des":"\"C\" COURSE"},"go":{"code":"G","sDes":"G","des":"GOOD"},"jk":{"id":"TEK","code":"TEK","sNm":"K Teetan"},"actWgt":"118","trn":{"id":"CAS","code":"CAS","sNm":"A S Cruz"},"curRt":"090","barrierDrNo":2,"hdcWgt":118,"horWgt":1109,"ruPos":[{"seqNo":1,"pos":"5"},{"seqNo":2,"pos":"4"},{"seqNo":3,"pos":"4"},{"seqNo":4,"pos":"5"},{"seqNo":5,"pos":"6"}],"lBW":{"code":"3-3/4     ","des":"3 AND 3/4 L"},"firstNWnners":[{"finPos":"01","hor":{"id":"HK_2019_D066","brNo":"D066","nm":"ENJOYING"}},{"finPos":"02","hor":{"id":"HK_2018_C462","brNo":"C462","nm":"BUTTERFIELD"}},{"finPos":"03","hor":{"id":"HK_2017_B478","brNo":"B478","nm":"CHARITY GO"}},{"finPos":"04","hor":{"id":"HK_2020_E120","brNo":"E120","nm":"BERLIN TANGO"}}],"winOdds":"3.4","raTm":"1:48.31","winFinalSectTm":"22.83","finTmOfHor":"1:48.93","finSectTmOfHor":"22.89","gearinfo":"B/TT","alw":"  ","trnPref":"1","trumpCard":false,"priority":false},{"mtgDate":"2022-02-12+0800","venCode":"ST","raNo":10,"finPos":"01","raTrk":{"code":"TURF","des":"TURF"},"raCla":{"code":"2","des":"Class 2"},"dist":1600,"raCrs":{"code":"L","dispCode":"C+3","des":"\"C+3\" COURSE"},"go":{"code":"G","sDes":"G","des":"GOOD"},"jk":{"id":"TEK","code":"TEK","sNm":"K Teetan"},"actWgt":"121","trn":{"id":"CAS","code":"CAS","sNm":"A S Cruz"},"curRt":"084","barrierDrNo":5,"hdcWgt":121,"horWgt":1110,"ruPos":[{"seqNo":1,"pos":"10"},{"seqNo":2,"pos":"10"},{"seqNo":3,"pos":"11"},{"seqNo":4,"pos":"1"}],"lBW":{"code":"---       "},"firstNWnners":[{"finPos":"01","hor":{"id":"HK_2020_E045","brNo":"E045","nm":"CALIFORNIA TEN"}},{"finPos":"02","hor":{"id":"HK_2017_B360","brNo":"B360","nm":"CIRCUIT THREE"}},{"finPos":"03","hor":{"id":"HK_2020_E224","brNo":"E224","nm":"TSAR"}},{"finPos":"04","hor":{"id":"HK_2021_G094","brNo":"G094","nm":"NAVAS TWO"}}],"winOdds":"8.3","raTm":"1:33.95","winFinalSectTm":"24.10","finTmOfHor":"1:33.95","finSectTmOfHor":"23.38","gearinfo":"B/TT","alw":"  ","mgn":{"mgn":"3/4","des":"3/4 LENGTH"},"trnPref":"1","trumpCard":false,"priority":false},{"mtgDate":"2021-12-12+0800","venCode":"ST","raNo":1,"finPos":"05","raTrk":{"code":"TURF","des":"TURF"},"raCla":{"code":"2","des":"Class 2"},"dist":1600,"raCrs":{"code":"A","dispCode":"A","des":"\"A\" COURSE"},"go":{"code":"G","sDes":"G","des":"GOOD"},"jk":{"id":"BA","code":"BA","sNm":"A Badel"},"actWgt":"114","trn":{"id":"CAS","code":"CAS","sNm":"A S Cruz"},"curRt":"083","barrierDrNo":2,"hdcWgt":114,"horWgt":1100,"ruPos":[{"seqNo":1,"pos":"4"},{"seqNo":2,"pos":"5"},{"seqNo":3,"pos":"5"},{"seqNo":4,"pos":"5"}],"lBW":{"code":"1-1/2     ","des":"1-1/2"},"firstNWnners":[{"finPos":"01","hor":{"id":"HK_2016_A165","brNo":"A165","nm":"FAST MOST FURIOUS"}},{"finPos":"02","hor":{"id":"HK_2020_E463","brNo":"E463","nm":"MASTER DELIGHT"}},{"finPos":"03","hor":{"id":"HK_2021_G103","brNo":"G103","nm":"SENOR TOBA"}},{"finPos":"04","hor":{"id":"HK_2018_C517","brNo":"C517","nm":"ALL FOR ST PAUL'S"}}],"winOdds":"16","raTm":"1:34.32","winFinalSectTm":"23.79","finTmOfHor":"1:34.55","finSectTmOfHor":"23.74","gearinfo":"B/TT","alw":"  ","mgn":{"mgn":"SH","des":"SHORT HEAD"},"trnPref":"1","trumpCard":false,"priority":false}]}